Industry Sector,Job Role/Title,Company Size,Are you familiar with micro-credentials or industry-specific certifications in the IT field?,"How often do you meet job candidates with micro-credentials?
",How would you rate the value of micro-credentials for entry-level IT roles?,How do you perceive micro-credentials compared to traditional degrees when assessing technical skills?,"Do you agree with the statement: ""Candidates with micro-credentials showcase job-relevant skills better than those with only traditional degrees?","When comparing candidates with similar qualifications, how likely are you to prefer those with micro-credentials over those without?","How important do you consider micro-credentials for skills like programming, data science, or cybersecurity in IT job roles?",You are welcome to share any additional comments or thoughts on micro-credentials (if any).
Software Development,Human Resources Generalist,Small (1-50 employees),Yes,Often,4,Much more valuable,Strongly Agree,Very likely,Very important,Its very essential for making an experienced generation. 
RMG & Textiles,Accounts,Large (200+ employees),Yes,Sometimes,2,Neutral,Agree,Neutral,Important,Na
Garments,Accounts,Large (200+ employees),Yes,Sometimes,2,Neutral,Agree,Neutral,Important,N/a
RMG,Accounts ,Large (200+ employees),Yes,Sometimes,3,Neutral,Agree,Neutral,Important,
Artificial Intelligence and Machine Learning,Human Resources Generalist,Small (1-50 employees),Yes,Sometimes,4,More valuable,Agree,Very likely,Important,
Software Development,Business Development Officer,Small (1-50 employees),Yes,Rarely,3,Neutral,Neutral,Very likely,Important,
Software Development,Onboarding and Training Specialist,Large (200+ employees),Yes,Sometimes,3,Much less valuable,Agree,Neutral,Slightly important,
"DELTA STUDY CENTRE, UNIVERSITY OF DHAKA",RESEARCH FELLOW,Small (1-50 employees),No,Never,4,More valuable,Agree,Likely,Very important,
Artificial Intelligence and Machine Learning,Business Development Officer,Large (200+ employees),Yes,Often,2,Neutral,Agree,Very likely,Important,
Education,Asst. HR Officer,Large (200+ employees),No,Rarely,3,Neutral,Neutral,Neutral,Important,I am not so familiar with the term micro-credential. 
IT Infrastructure and Networking,Business Development Officer,Medium (51-200 employees),Yes,Sometimes,5,More valuable,Agree,Very likely,Very important,It would be very helpful if we get skill men power by this initiative.
Robotics and Autonomous System,Lead of Innovation ,Small (1-50 employees),Yes,Rarely,4,More valuable,Strongly Agree,Very likely,Important,
Cloud Computing and Data Storage,Recruitment Manager,Medium (51-200 employees),Yes,Sometimes,5,Much more valuable,Strongly Agree,Very likely,Very important,"Micro-credentials empower IT graduates with industry-specific skills and certifications, enhancing their employability and adaptability in a rapidly evolving tech landscape."
Cloud Computing and Data Storage,DevOps Engineer,Small (1-50 employees),Yes,Often,4,More valuable,Agree,Very likely,Important,
Cloud Computing and Data Storage,Business Development Officer,Small (1-50 employees),Yes,Sometimes,2,Neutral,Strongly Disagree,Very likely,Very important,Its very goods
IT Infrastructure and Networking,Recruitment Manager,Medium (51-200 employees),Yes,Never,2,Neutral,Disagree,Unlikely,Not important,
IT Infrastructure and Networking,Business Development Officer,Large (200+ employees),No,Sometimes,3,Neutral,Neutral,Neutral,Important,
IT Infrastructure and Networking,Human Resources Generalist,Large (200+ employees),Yes,Always,1,Neutral,Agree,Likely,Important,
Cybersecurity and Data Protection,Business Development Officer,Small (1-50 employees),Yes,Rarely,1,Neutral,Neutral,Unlikely,Not important,
Software Development,Project Manager,Small (1-50 employees),No,Sometimes,5,Neutral,Strongly Disagree,Neutral,Important,
Artificial Intelligence and Machine Learning,Business Development Officer,Small (1-50 employees),Yes,Rarely,3,Less valuable,Neutral,Neutral,Moderately important,Nothing 
Artificial Intelligence and Machine Learning,Human Resources Generalist,Small (1-50 employees),No,Sometimes,3,Neutral,Neutral,Unlikely,Moderately important,
Cybersecurity and Data Protection,Human Resources Generalist,Medium (51-200 employees),Yes,Sometimes,3,More valuable,Agree,Likely,Important,
Software Development,Human Resources Generalist,Medium (51-200 employees),Yes,Never,2,Neutral,Agree,Neutral,Moderately important,..
IT Infrastructure and Networking,Project Manager,Medium (51-200 employees),Yes,Often,4,More valuable,Agree,Likely,Important,
Artificial Intelligence and Machine Learning,Recruitment Manager,Small (1-50 employees),Yes,Sometimes,3,More valuable,Disagree,Neutral,Slightly important,Hm
Software Development,Human Resources Generalist,Small (1-50 employees),Yes,Always,2,Much less valuable,Strongly Disagree,Very unlikely,Slightly important,Nothing to say
Artificial Intelligence and Machine Learning,Business Development Officer,Medium (51-200 employees),Yes,Sometimes,3,Neutral,Neutral,Neutral,Important,
IT Infrastructure and Networking,Business Development Officer,Medium (51-200 employees),Yes,Sometimes,3,Neutral,Agree,Likely,Important,
IT Infrastructure and Networking,Human Resources Generalist,Small (1-50 employees),Yes,Sometimes,4,More valuable,Agree,Very likely,Important,
Software Development,Human Resources Generalist,Small (1-50 employees),Yes,Sometimes,4,More valuable,Agree,Likely,Important,
Software Development,Human Resources Generalist,Small (1-50 employees),Yes,Sometimes,4,More valuable,Agree,Likely,Important,
Cybersecurity and Data Protection,Human Resources Generalist,Small (1-50 employees),Yes,Sometimes,4,More valuable,Agree,Likely,Important,
Software Development,Human Resources Generalist,Small (1-50 employees),Yes,Sometimes,4,More valuable,Agree,Likely,Important,
Cybersecurity and Data Protection,Human Resources Generalist,Medium (51-200 employees),Yes,Rarely,2,More valuable,Strongly Agree,Likely,Very important,
Software Development,Project Manager,Small (1-50 employees),Yes,Often,4,More valuable,Agree,Likely,Important,
Software Development,Onboarding and Training Specialist,Medium (51-200 employees),No,Rarely,2,Neutral,Neutral,Likely,Important,Nothing 
Software Development,Human Resources Generalist,Small (1-50 employees),Yes,Often,4,More valuable,Agree,Likely,Important,
IT Infrastructure and Networking,Human Resources Generalist,Small (1-50 employees),Yes,Sometimes,2,Less valuable,Neutral,Neutral,Important,
Software Development,Software Engineer,Small (1-50 employees),Yes,Always,5,Much more valuable,Strongly Agree,Very likely,Very important,
IT Infrastructure and Networking,Human Resources Generalist,Small (1-50 employees),Yes,Often,5,Much more valuable,Strongly Agree,Very likely,Very important,Very helpful. 
IT Infrastructure and Networking,Onboarding and Training Specialist,Large (200+ employees),Yes,Sometimes,5,Much more valuable,Strongly Agree,Very likely,Very important,"Micro-credentials significantly impact IT graduates by bridging skill gaps, boosting employability, and ensuring adaptability to rapidly evolving industry demands."
Software Development,Onboarding and Training Specialist,Large (200+ employees),Yes,Sometimes,4,Neutral,Neutral,Unlikely,Important,
Cloud Computing and Data Storage,Recruitment Manager,Small (1-50 employees),Yes,Always,5,Much more valuable,Strongly Agree,Very likely,Very important,Effective.
Software Development,Recruitment Manager,Medium (51-200 employees),Yes,Always,5,Much more valuable,Strongly Agree,Very likely,Very important,
Software Development,Recruitment Manager,Small (1-50 employees),Yes,Often,5,More valuable,Strongly Agree,Very likely,Very important,
Artificial Intelligence and Machine Learning,Recruitment Manager,Small (1-50 employees),Yes,Often,5,Much more valuable,Strongly Agree,Very likely,Very important,
Cloud Computing and Data Storage,Onboarding and Training Specialist,Small (1-50 employees),Yes,Often,5,Much more valuable,Strongly Agree,Very likely,Very important,
Cloud Computing and Data Storage,Human Resources Generalist,Small (1-50 employees),Yes,Always,5,Much more valuable,Strongly Agree,Very likely,Very important,Helpful. 
IT Infrastructure and Networking,Onboarding and Training Specialist,Small (1-50 employees),Yes,Always,5,Much more valuable,Strongly Agree,Very likely,Very important,
IT Infrastructure and Networking,Recruitment Manager,Medium (51-200 employees),Yes,Always,5,Much more valuable,Strongly Agree,Very likely,Very important,
Software Development,Recruitment Manager,Small (1-50 employees),Yes,Always,5,Much more valuable,Strongly Agree,Very likely,Very important,
IT Infrastructure and Networking,Human Resources Generalist,Small (1-50 employees),Yes,Often,5,More valuable,Strongly Agree,Likely,Very important,
Cybersecurity and Data Protection,Onboarding and Training Specialist,Small (1-50 employees),Yes,Often,4,More valuable,Agree,Very likely,Important,"So much helpful.
"
Cybersecurity and Data Protection,Talent Acquisition Specialist,Small (1-50 employees),Yes,Always,5,More valuable,Agree,Very likely,Very important,Effective. 
Software Development,Project Manager,Small (1-50 employees),Yes,Often,4,Much more valuable,Strongly Agree,Likely,Very important,
IT Infrastructure and Networking,Onboarding and Training Specialist,Small (1-50 employees),Yes,Always,5,More valuable,Strongly Agree,Very likely,Very important,So much helpful.
Cybersecurity and Data Protection,Project Manager,Small (1-50 employees),Yes,Often,5,Much more valuable,Strongly Agree,Very likely,Important,Helpful.
Cybersecurity and Data Protection,Recruitment Manager,Small (1-50 employees),Yes,Always,5,Much more valuable,Strongly Agree,Very likely,Very important,
IT Infrastructure and Networking,Recruitment Manager,Small (1-50 employees),Yes,Always,5,Much more valuable,Strongly Agree,Very likely,Very important,It help a men to skillful.
Software Development,Talent Acquisition Specialist,Small (1-50 employees),Yes,Always,5,Much more valuable,Strongly Agree,Very likely,Very important,Great step in IT sector. 
Cybersecurity and Data Protection,Talent Acquisition Specialist,Small (1-50 employees),Yes,Always,5,Much more valuable,Strongly Agree,Very likely,Very important,
Software Development,Human Resources Generalist,Small (1-50 employees),Yes,Always,5,Much more valuable,Strongly Agree,Very likely,Very important,
Cloud Computing and Data Storage,Recruitment Manager,Small (1-50 employees),Yes,Always,5,More valuable,Strongly Agree,Very likely,Very important,
Software Development,Human Resources Generalist,Small (1-50 employees),Yes,Always,5,Much more valuable,Agree,Very likely,Very important,
Software Development,Human Resources Generalist,Small (1-50 employees),Yes,Always,5,Much more valuable,Strongly Agree,Very likely,Very important,
Cloud Computing and Data Storage,Recruitment Manager,Small (1-50 employees),Yes,Always,4,Much more valuable,Agree,Likely,Very important,Badly Needed to add micro- credential like other general Courses.
Cloud Computing and Data Storage,Human Resources Generalist,Medium (51-200 employees),Yes,Always,5,Much more valuable,Strongly Agree,Very likely,Very important,
Software Development,Human Resources Generalist,Small (1-50 employees),Yes,Always,5,Much more valuable,Strongly Agree,Likely,Very important,
IT Infrastructure and Networking,Human Resources Generalist,Small (1-50 employees),Yes,Always,5,Much more valuable,Strongly Agree,Very likely,Very important,
IT Infrastructure and Networking,Onboarding and Training Specialist,Small (1-50 employees),Yes,Always,5,Much more valuable,Strongly Agree,Very likely,Very important,
Cybersecurity and Data Protection,Recruitment Manager,Small (1-50 employees),Yes,Always,5,Much more valuable,Strongly Agree,Very likely,Very important,
Software Development,Human Resources Generalist,Small (1-50 employees),Yes,Always,5,More valuable,Strongly Agree,Very likely,Very important,
Cloud Computing and Data Storage,Recruitment Manager,Small (1-50 employees),Yes,Always,5,Much more valuable,Strongly Agree,Very likely,Very important,
IT Infrastructure and Networking,Recruitment Manager,Small (1-50 employees),No,Sometimes,3,Neutral,Neutral,Neutral,Moderately important,
IT Infrastructure and Networking,Recruitment Manager,Medium (51-200 employees),Yes,Often,4,Neutral,Neutral,Neutral,Important,
IT Infrastructure and Networking,Project Manager,Small (1-50 employees),Yes,Often,5,Much more valuable,Agree,Likely,Very important,
Software Development,Recruitment Manager,Medium (51-200 employees),Yes,Often,4,More valuable,Strongly Agree,Very likely,Very important,
Software Development,Recruitment Manager,Small (1-50 employees),Yes,Always,4,More valuable,Strongly Agree,Very likely,Very important,
Artificial Intelligence and Machine Learning,Human Resources Generalist,Small (1-50 employees),Yes,Often,4,More valuable,Agree,Very likely,Very important,
Artificial Intelligence and Machine Learning,Human Resources Generalist,Small (1-50 employees),Yes,Often,4,More valuable,Agree,Neutral,Important,
Cybersecurity and Data Protection,Human Resources Generalist,Small (1-50 employees),Yes,Sometimes,4,Neutral,Agree,Likely,Important,
Software Development,Human Resources Generalist,Small (1-50 employees),Yes,Sometimes,5,More valuable,Agree,Likely,Important,
Software Development,Recruitment Manager,Small (1-50 employees),Yes,Often,5,Neutral,Agree,Likely,Important,